[
    {
      "image": "https://sg-test-11.slatic.net/p/d47ee9c45fe543818dad268352260873.jpg",
      "title": "Headphone Extra Bass Bluetooth Headphone Wireless Headset Headset Bluetooth 5.0 Sport Earphone Bass Wireless",
      "price": "10.99",
      "brand": "No Brand",
      "discount": "56%",
      "liked_count": 1022,
      "comment_count": 1022,
      "shop_name": "K.F.S",
      "item_url": "https://www.lazada.com.my/products/-i4103982620.html"
    },
    {
      "image": "https://my-live-01.slatic.net/p/9405e91e55e0cfe34528da6b6f6495b6.jpg",
      "title": "P47 Bluetooth Wireless Headphone Headset RGB Bass Stereo Music with Mic Over-the-ear Headphones",
      "price": "7.2",
      "brand": "No Brand",
      "discount": "35%",
      "liked_count": 1303,
      "comment_count": 1303,
      "shop_name": "Apphomez",
      "item_url": "https://www.lazada.com.my/products/-i2767976338.html"
    },
    {
      "image": "https://my-live-01.slatic.net/p/357e18fccca02e46846284edd4117f8e.jpg",
      "title": "Bluetooth 5.4 Wireless Headphones HiFi Stereo Noise Cancelling Digital Display Single Audifonos Earbud for Driving Run Earphones",
      "price": "1.42",
      "brand": "No Brand",
      "discount": "50%",
      "liked_count": 0,
      "comment_count": 0,
      "shop_name": "AdventureSeeker1",
      "item_url": "https://www.lazada.com.my/products/-i4464161794.html"
    },
    {
      "image": "https://sg-test-11.slatic.net/p/7afca65e35f2ff5d9c7d91d438dd716d.jpg",
      "title": "FOLDABLE P47 Wireless Headphone USB Rechargeable Bluetooth 4.2 + TF Card Port Headset Extra Bass Audio Wearing Device",
      "price": "7.83",
      "brand": "No Brand",
      "discount": "61%",
      "liked_count": 771,
      "comment_count": 771,
      "shop_name": "Eons Digital Enterprise",
      "item_url": "https://www.lazada.com.my/products/-i3786653730.html"
    },
    {
      "image": "https://my-live-01.slatic.net/p/ada4e940301a36b5ca479e81c0db9462.jpg",
      "title": "P47 Wireless Headphone Extra Bass Bluetooth Headphone Wireless Headset With Mic",
      "price": "7.5",
      "brand": "No Brand",
      "discount": "81%",
      "liked_count": 1066,
      "comment_count": 1066,
      "shop_name": "Gadget Base 88",
      "item_url": "https://www.lazada.com.my/products/-i2329946267.html"
    },
    {
      "image": "https://my-live-01.slatic.net/p/b840f64e037478e275781b3fe68af76a.jpg",
      "title": "LS Bluetooth Headset IPX4 Waterproof Wireless Headset Bluetooth 5.3 Headset Long Battery Life Game Headset Noise Reduction Sports Suitable for All Mobile Phones Headset Running Fitness Bluetooth Headset",
      "price": "7.86",
      "brand": "No Brand",
      "discount": "35%",
      "liked_count": 10,
      "comment_count": 10,
      "shop_name": "LightSpeed Technology",
      "item_url": "https://www.lazada.com.my/products/-i4220152975.html"
    },
    {
      "image": "https://my-live-01.slatic.net/p/25305f15633a991fd6047120c6db907f.jpg",
      "title": "Cute Cat Headphone With LED Light Cat Ear Bluetooth Headphone Bluetooth Wireless Headset",
      "price": "10.99",
      "brand": "No Brand",
      "discount": "78%",
      "liked_count": 1084,
      "comment_count": 1084,
      "shop_name": "I Connect",
      "item_url": "https://www.lazada.com.my/products/-i2377934631.html"
    },
    {
      "image": "https://my-live-01.slatic.net/p/7a03d676a76b755b2ebce04fc564bcc7.jpg",
      "title": "Extra Bass Headphone XB450 Hi-Res Audio Wired Headphones Over Ear Headset With Mic For Sony Samsung Huawei Oppo Vivo Xiaomi Realme",
      "price": "8",
      "brand": "No Brand",
      "discount": "80%",
      "liked_count": 1140,
      "comment_count": 1140,
      "shop_name": "Gadget Base 88",
      "item_url": "https://www.lazada.com.my/products/-i1628870997.html"
    },
    {
      "image": "https://my-live-01.slatic.net/p/83fbd9da802463c9cc3e8ce5d34bf138.jpg",
      "title": "Gaming HeadPhone Noise Cancelling Headset Wired OverEar Earphone Call center headset with Microphone",
      "price": "23.5",
      "brand": "No Brand",
      "discount": "52%",
      "liked_count": 1076,
      "comment_count": 1076,
      "shop_name": "MKTV123",
      "item_url": "https://www.lazada.com.my/products/-i2070565192.html"
    },
    {
      "image": "https://sg-test-11.slatic.net/p/27763afa8021cb83987e754cee1a077f.png",
      "title": "P47 Power Bass Foldable Mini Bluetooth Wireless Headset MP3 RadioFM with Button Control Headphone 蓝牙耳机",
      "price": "7.77",
      "brand": "OEM",
      "discount": "77%",
      "liked_count": 3208,
      "comment_count": 3208,
      "shop_name": "Bzb.My",
      "item_url": "https://www.lazada.com.my/products/-i512086527.html"
    }
  ]
  