[
    {
      "image": "https://cf.shopee.com.my/file/my-11134201-23020-0s5oayv2vvnv31",
      "title": "SPRISE Premium Wireless Bluetooth Earphone Colorful Headphone Foldable Headset Gaming With Mic 蓝牙耳机",
      "price": "19.79",
      "brand": "SPRISE",
      "discount": 63,
      "liked_count": 668,
      "comment_count": 0,
      "shop_name": "Unknown Shop",
      "item_url": "https://shopee.com.my/product/188678203/22690074862"
    },
    {
      "image": "https://cf.shopee.com.my/file/9b1c4fda2f4711e3689e4b5240955a79",
      "title": "Wired PC Gaming Headsets Noise Cancelling Headphones Online Class learning Headset Live Headphone Gaming with HD Microphone Mic",
      "price": "21.67",
      "brand": "No brand",
      "discount": 38,
      "liked_count": 23,
      "comment_count": 0,
      "shop_name": "Unknown Shop",
      "item_url": "https://shopee.com.my/product/188678203/27363934056"
    },
    {
      "image": "https://cf.shopee.com.my/file/sg-11134301-7rdyx-ly4ysrzi989311",
      "title": "P47 Bluetooth 5.0 Headphone Extra Bass Wireless Headphones Headset With Mic And Volume Control",
      "price": "10.45",
      "brand": "No brand",
      "discount": 47,
      "liked_count": 1157,
      "comment_count": 0,
      "shop_name": "Unknown Shop",
      "item_url": "https://shopee.com.my/product/188678203/25476875593"
    },
    {
      "image": "https://cf.shopee.com.my/file/cn-11134207-7qukw-lhhmnvo139b704",
      "title": "SPRISE Premium Wireless Bluetooth Earphone Colorful Headphone Noise Cancelling Gaming Music Foldable Over Ear Headset Sport Gaming With Mic 蓝牙耳机",
      "price": "26.95",
      "brand": "SPRISE",
      "discount": 81,
      "liked_count": 7242,
      "comment_count": 0,
      "shop_name": "Unknown Shop",
      "item_url": "https://shopee.com.my/product/188678203/16095142826"
    },
    {
      "image": "https://cf.shopee.com.my/file/sg-11134201-22120-jaaq1gl6hvkvbe",
      "title": "SPRISE Premium Wireless Bluetooth Earphone Colorful Headphone Noise Cancelling Gaming Music Foldable Over Ear Headset Sport Gaming",
      "price": "33.31",
      "brand": "SPRISE",
      "discount": 43,
      "liked_count": 90,
      "comment_count": 0,
      "shop_name": "Unknown Shop",
      "item_url": "https://shopee.com.my/product/188678203/24579659204"
    },
    {
      "image": "https://cf.shopee.com.my/file/628dc76e4c13074157222ce3713150ac",
      "title": "【Malaysia Stock】Cute Cat Ear Bluetooth Wireless Headphone LED Light Bluetooth 5.0 Headphones With Mic",
      "price": "9.9",
      "brand": "OEM",
      "discount": 80,
      "liked_count": 6350,
      "comment_count": 0,
      "shop_name": "Unknown Shop",
      "item_url": "https://shopee.com.my/product/51584953/3980249756"
    },
    {
      "image": "https://cf.shopee.com.my/file/sg-11134201-7rbk0-lkyso4djbww8c2",
      "title": "Wireless Headphone B39 Bluetooth Headset 5.0 Colorful LED Bass Stereo Wireless Headphones Over Ear Headphones Mic",
      "price": "15.5",
      "brand": "No brand",
      "discount": 48,
      "liked_count": 424,
      "comment_count": 0,
      "shop_name": "Unknown Shop",
      "item_url": "https://shopee.com.my/product/127476116/10821394060"
    },
    {
      "image": "https://cf.shopee.com.my/file/sg-11134201-7qvfu-lhn56l8eo8z123",
      "title": "Sprise Young Colorful Wireless Bluetooth Earphone Headphone Noise Cancelling Gaming Music Foldable Over Ear Headset Sport Gaming With Mic",
      "price": "27.08",
      "brand": "SPRISE",
      "discount": 41,
      "liked_count": 834,
      "comment_count": 0,
      "shop_name": "Unknown Shop",
      "item_url": "https://shopee.com.my/product/188678203/24619668535"
    },
    {
      "image": "https://cf.shopee.com.my/file/my-11134207-23020-k03kfxtzzcnv42",
      "title": "Y08 P47 Macaroon Bluetooth Headphone Headset SD Card / Wired / Bluetooth Mode Earphone With Mic Extra Bass Quality",
      "price": "7.0",
      "brand": "No brand",
      "discount": 43,
      "liked_count": 833,
      "comment_count": 0,
      "shop_name": "Unknown Shop",
      "item_url": "https://shopee.com.my/product/491997102/23623170697"
    },
    {
      "image": "https://cf.shopee.com.my/file/my-11134207-7qula-ljqp5wx475zu7e",
      "title": "M6/M3 Wireless Headphone Original Bluetooth Headphone Foldable Headset With Built-in Microphone Earphone Bluetooth 5.3",
      "price": "24.08",
      "brand": "No brand",
      "discount": 70,
      "liked_count": 1866,
      "comment_count": 0,
      "shop_name": "Unknown Shop",
      "item_url": "https://shopee.com.my/product/789936984/19482367098"
    }
  ]
  